USE [ControlCuentas]
GO
INSERT [dbo].[Medio] ([IdMedio], [Descripcion]) VALUES (1, N'Efectivo')
INSERT [dbo].[Medio] ([IdMedio], [Descripcion]) VALUES (2, N'Caja de ahorro')
INSERT [dbo].[CategoriaGasto] ([IdCategoria], [Descripcion]) VALUES (1, N'Hogar')
INSERT [dbo].[CategoriaGasto] ([IdCategoria], [Descripcion]) VALUES (2, N'Salud')
INSERT [dbo].[CategoriaGasto] ([IdCategoria], [Descripcion]) VALUES (3, N'Transporte')
INSERT [dbo].[CategoriaGasto] ([IdCategoria], [Descripcion]) VALUES (4, N'Ropa')
INSERT [dbo].[CategoriaGasto] ([IdCategoria], [Descripcion]) VALUES (5, N'Ocio')
INSERT [dbo].[CategoriaGasto] ([IdCategoria], [Descripcion]) VALUES (6, N'Estudio')
INSERT [dbo].[CategoriaGasto] ([IdCategoria], [Descripcion]) VALUES (7, N'Otro')
INSERT [dbo].[SubcategoriaGasto] ([IdSubcategoria], [Descripcion], [IdCategoria]) VALUES (1, N'Reparacion', 1)
INSERT [dbo].[SubcategoriaGasto] ([IdSubcategoria], [Descripcion], [IdCategoria]) VALUES (2, N'Servicios', 1)
INSERT [dbo].[SubcategoriaGasto] ([IdSubcategoria], [Descripcion], [IdCategoria]) VALUES (3, N'Rentas', 1)
INSERT [dbo].[SubcategoriaGasto] ([IdSubcategoria], [Descripcion], [IdCategoria]) VALUES (4, N'Comida', 1)
INSERT [dbo].[SubcategoriaGasto] ([IdSubcategoria], [Descripcion], [IdCategoria]) VALUES (5, N'Prepaga', 2)
INSERT [dbo].[SubcategoriaGasto] ([IdSubcategoria], [Descripcion], [IdCategoria]) VALUES (6, N'Medicamentos', 2)
INSERT [dbo].[SubcategoriaGasto] ([IdSubcategoria], [Descripcion], [IdCategoria]) VALUES (7, N'Otro', 1)
INSERT [dbo].[SubcategoriaGasto] ([IdSubcategoria], [Descripcion], [IdCategoria]) VALUES (8, N'Combustible', 3)
INSERT [dbo].[SubcategoriaGasto] ([IdSubcategoria], [Descripcion], [IdCategoria]) VALUES (9, N'Seguro', 3)
INSERT [dbo].[SubcategoriaGasto] ([IdSubcategoria], [Descripcion], [IdCategoria]) VALUES (10, N'Reparacion', 3)
INSERT [dbo].[SubcategoriaGasto] ([IdSubcategoria], [Descripcion], [IdCategoria]) VALUES (11, N'Transporte publico', 3)
INSERT [dbo].[SubcategoriaGasto] ([IdSubcategoria], [Descripcion], [IdCategoria]) VALUES (12, N'Taxis/Remis', 3)
INSERT [dbo].[SubcategoriaGasto] ([IdSubcategoria], [Descripcion], [IdCategoria]) VALUES (13, N'Ropa', 4)
INSERT [dbo].[SubcategoriaGasto] ([IdSubcategoria], [Descripcion], [IdCategoria]) VALUES (14, N'Calzado', 4)
INSERT [dbo].[SubcategoriaGasto] ([IdSubcategoria], [Descripcion], [IdCategoria]) VALUES (15, N'Accesorios', 4)
INSERT [dbo].[SubcategoriaGasto] ([IdSubcategoria], [Descripcion], [IdCategoria]) VALUES (16, N'Otro', 4)
INSERT [dbo].[SubcategoriaGasto] ([IdSubcategoria], [Descripcion], [IdCategoria]) VALUES (17, N'Otro', 3)
INSERT [dbo].[SubcategoriaGasto] ([IdSubcategoria], [Descripcion], [IdCategoria]) VALUES (18, N'Cine', 5)
INSERT [dbo].[SubcategoriaGasto] ([IdSubcategoria], [Descripcion], [IdCategoria]) VALUES (19, N'Restaurant', 5)
INSERT [dbo].[SubcategoriaGasto] ([IdSubcategoria], [Descripcion], [IdCategoria]) VALUES (20, N'Vacaciones', 5)
INSERT [dbo].[SubcategoriaGasto] ([IdSubcategoria], [Descripcion], [IdCategoria]) VALUES (21, N'Cigarrillos', 5)
INSERT [dbo].[SubcategoriaGasto] ([IdSubcategoria], [Descripcion], [IdCategoria]) VALUES (22, N'Otro', 5)
INSERT [dbo].[SubcategoriaGasto] ([IdSubcategoria], [Descripcion], [IdCategoria]) VALUES (23, N'Regalos', 6)
INSERT [dbo].[SubcategoriaGasto] ([IdSubcategoria], [Descripcion], [IdCategoria]) VALUES (24, N'Salario familiar', 6)
INSERT [dbo].[SubcategoriaGasto] ([IdSubcategoria], [Descripcion], [IdCategoria]) VALUES (25, N'Mascota', 6)
INSERT [dbo].[SubcategoriaGasto] ([IdSubcategoria], [Descripcion], [IdCategoria]) VALUES (26, N'Otro', 6)
INSERT [dbo].[CategoriaIngreso] ([IdCategoriaIngreso], [Descripcion]) VALUES (1, N'Salario fijo')
INSERT [dbo].[CategoriaIngreso] ([IdCategoriaIngreso], [Descripcion]) VALUES (2, N'Horas extras')
INSERT [dbo].[CategoriaIngreso] ([IdCategoriaIngreso], [Descripcion]) VALUES (3, N'Trabajo extra')
INSERT [dbo].[CategoriaIngreso] ([IdCategoriaIngreso], [Descripcion]) VALUES (4, N'Jubilacion')
INSERT [dbo].[CategoriaIngreso] ([IdCategoriaIngreso], [Descripcion]) VALUES (5, N'Comisiones')
INSERT [dbo].[CategoriaIngreso] ([IdCategoriaIngreso], [Descripcion]) VALUES (6, N'Remuneracion social')
